subject,meta_d_prime_avg
1,-0.37217505647206
2,-0.3689623339547969
3,-0.22740824412327162
4,-0.2119697564789212
5,-0.3304442223104103
6,-0.353022681485095
7,-0.26825540745169274
8,-0.37677859025109595
9,-0.2416250867817916
10,-0.503212817840839
